Flight_Number,Airline,Origin_City,Destination_City,Departure_Date,Departure_Time,Arrival_Time
FL5884,"Mccoy, Joseph and Edwards",London,Tokyo,2025-02-07,16:54:20,01:06:40
FL6472,"Wolf, Garcia and Farley",Hong Kong,Mumbai,2025-01-28,13:28:32,12:18:02
FL6538,Castro-Baker,New York,Paris,2025-02-23,08:01:46,00:21:47
FL8181,Cross-Valdez,New York,Paris,2025-01-26,21:38:22,16:15:39
FL2695,Cohen-Hood,Dubai,Berlin,2025-02-21,17:42:25,17:33:06
FL1991,Carpenter-Bentley,Singapore,Hong Kong,2025-02-19,01:29:59,20:20:13
FL5746,Rodriguez-Jackson,New York,Singapore,2025-02-02,04:34:59,16:36:24
FL7969,"Davis, Williamson and Franco",Hong Kong,Mumbai,2025-01-29,20:32:40,22:00:53
FL1727,Clements and Sons,Singapore,Paris,2025-01-31,10:08:55,07:42:08
FL2272,"Cordova, Patrick and Mueller",Paris,Berlin,2025-01-27,19:33:03,23:49:32
FL9798,"Hood, Hernandez and Larsen",Mumbai,Berlin,2025-02-09,08:46:47,23:25:25
FL5212,"Mcbride, Mendez and Chang",Dubai,Paris,2025-02-16,15:00:07,22:28:53
FL8065,Dixon LLC,Singapore,Hong Kong,2025-02-11,14:58:31,13:49:03
FL6945,Brown-Wright,Tokyo,Singapore,2025-01-31,04:42:25,20:22:30
FL1677,Romero-Dean,Hong Kong,Tokyo,2025-02-23,12:51:08,01:25:27
FL6930,"Leonard, Richardson and Davis",Dubai,Sydney,2025-02-14,07:04:22,03:04:44
FL6901,Hardy PLC,New York,Singapore,2025-01-29,23:09:44,18:58:58
FL4663,Crawford-Russell,Hong Kong,Dubai,2025-02-17,11:40:21,05:29:06
FL4573,Choi-Leon,Paris,London,2025-02-13,12:11:07,13:17:48
FL9612,Gregory-Miller,Singapore,Tokyo,2025-02-10,17:57:10,20:55:06
FL7509,"Ortiz, Clark and Acevedo",Mumbai,Paris,2025-02-10,03:35:06,23:14:57
FL6879,"Thompson, Walker and Callahan",Sydney,Berlin,2025-02-11,14:08:51,03:30:52
FL3544,Norton-Mosley,Singapore,Paris,2025-02-22,09:59:58,16:54:41
FL3968,Ramsey Ltd,Sydney,Mumbai,2025-02-19,08:02:16,12:10:06
FL9721,"Garcia, Chase and Small",Mumbai,Singapore,2025-02-05,22:38:55,22:39:27
FL4733,"Ingram, Garcia and Reyes",Dubai,New York,2025-02-10,17:54:10,20:45:13
FL7561,Ruiz LLC,New York,Sydney,2025-02-19,13:00:28,13:46:46
FL5464,"Brooks, Best and Crawford",Hong Kong,New York,2025-02-19,19:20:04,11:16:33
FL7804,Browning-Copeland,Berlin,Tokyo,2025-01-27,13:50:35,09:40:25
FL1493,"Doyle, Garcia and Matthews",Paris,Dubai,2025-02-24,07:13:59,06:09:03
FL3830,Ramirez-Harris,Dubai,Paris,2025-01-29,03:25:37,01:00:17
FL2534,White-Clark,Hong Kong,New York,2025-02-09,16:45:37,15:57:13
FL5418,"Love, Kelly and Ramos",Dubai,Sydney,2025-02-15,02:30:20,10:53:40
FL7293,Jenkins LLC,New York,Hong Kong,2025-02-12,02:16:49,02:04:18
FL2793,Juarez and Sons,New York,Paris,2025-02-17,14:46:24,10:15:25
FL1025,"Garcia, Smith and Smith",Paris,Sydney,2025-02-01,05:04:26,07:19:19
FL4108,Cook Group,New York,London,2025-02-19,03:14:41,02:12:28
FL1476,Smith-Dyer,New York,Paris,2025-02-03,08:12:25,18:44:38
FL4684,"Marshall, Russell and Munoz",Berlin,New York,2025-02-15,01:24:21,01:47:11
FL4120,Davis-Escobar,Dubai,Tokyo,2025-02-06,21:07:20,07:04:46
FL6484,Solis-Chase,Tokyo,Sydney,2025-02-23,20:55:08,01:19:39
FL5390,Perkins-Clark,London,Paris,2025-02-03,06:56:31,22:02:36
FL8920,Williams-Alvarado,Dubai,Paris,2025-02-03,13:05:45,03:23:43
FL2570,Wallace-Hendricks,Hong Kong,Singapore,2025-02-12,17:42:16,19:33:58
FL8569,Mcdowell Group,Tokyo,Berlin,2025-02-03,17:00:40,19:09:29
FL4802,Bridges-Waters,Mumbai,Berlin,2025-02-12,17:51:00,08:12:40
FL9083,Gallagher and Sons,Berlin,Dubai,2025-02-18,22:11:42,22:28:20
FL6195,"Martinez, Jensen and Martin",Singapore,Tokyo,2025-02-06,21:49:20,01:40:13
FL3325,"Gomez, Elliott and Beck",Paris,Singapore,2025-02-04,00:59:32,06:16:51
FL6700,Herring-Scott,Mumbai,London,2025-02-20,23:14:53,15:29:20
FL3594,"Reynolds, Guerrero and Wilson",London,Singapore,2025-02-01,14:30:40,13:13:07
FL3164,Myers Ltd,Paris,Sydney,2025-02-13,00:11:56,08:23:01
FL8545,"Garrett, Jacobs and Rowe",Dubai,Singapore,2025-02-13,15:27:16,21:25:07
FL6973,"Reyes, Morris and Clark",New York,Hong Kong,2025-01-29,18:40:45,12:35:59
FL9105,Kemp-Peterson,Mumbai,Singapore,2025-02-13,12:42:58,22:56:06
FL8780,"Nelson, King and Powell",Singapore,New York,2025-02-09,11:53:37,04:16:31
FL6962,Parker Inc,London,Mumbai,2025-02-19,15:37:50,20:14:19
FL4269,"Bailey, Perry and Alexander",Dubai,Tokyo,2025-01-27,05:03:49,03:25:59
FL1965,Donaldson-Johnson,Singapore,Hong Kong,2025-02-05,05:19:56,04:54:09
FL3876,Griffith-Butler,London,Sydney,2025-01-28,15:40:21,18:24:23
FL3799,Dominguez-Le,London,Dubai,2025-02-18,13:36:00,11:43:48
FL1811,Smith-Reese,Mumbai,London,2025-02-21,16:31:12,19:27:43
FL7208,Huffman-Ramos,London,New York,2025-01-31,14:45:56,01:27:10
FL4898,Lee Group,Paris,Berlin,2025-01-26,02:12:31,05:37:23
FL5964,Woods-Ruiz,New York,Singapore,2025-02-24,00:17:32,10:49:14
FL6574,Collier-Snyder,Sydney,Berlin,2025-02-05,03:18:37,01:46:36
FL9216,"Harris, Jacobs and Wagner",Mumbai,Paris,2025-02-17,13:17:10,05:58:35
FL5343,Whitehead LLC,Dubai,Paris,2025-01-26,02:59:11,23:19:27
FL9664,Hernandez and Sons,London,Tokyo,2025-02-02,03:42:58,19:06:29
FL1436,"Murphy, Christensen and Weeks",Sydney,Dubai,2025-01-29,21:48:52,23:27:42
FL5736,Brown-Cantu,Sydney,Dubai,2025-02-24,07:36:07,08:00:55
FL7198,Wood-Jones,Berlin,New York,2025-02-21,12:23:41,09:25:47
FL6416,Peters-Robinson,Mumbai,London,2025-02-18,21:06:37,21:37:22
FL3344,Porter PLC,Sydney,Paris,2025-02-01,23:27:18,10:23:37
FL7823,Williams Ltd,Hong Kong,Singapore,2025-02-22,02:59:53,11:29:53
FL9505,Deleon Group,Mumbai,Hong Kong,2025-02-11,16:20:21,06:11:25
FL3431,Robinson and Sons,Dubai,Paris,2025-01-30,03:03:58,03:01:29
FL1173,"Foley, Rodgers and Blake",Singapore,Berlin,2025-02-10,13:34:04,19:04:39
FL1933,Robbins Group,New York,Sydney,2025-02-14,15:00:48,19:47:28
FL7584,Stephens PLC,Mumbai,Sydney,2025-02-15,23:52:27,23:51:46
FL6981,Cross Ltd,Singapore,Berlin,2025-02-19,22:24:14,04:27:48
FL3107,Murray-Duarte,Tokyo,Sydney,2025-02-20,00:27:17,00:45:25
FL9578,Myers Group,Hong Kong,New York,2025-02-03,00:36:04,16:46:49
FL1176,Hayes-Mayo,Mumbai,Singapore,2025-02-13,00:26:10,12:12:52
FL7963,"Rogers, Porter and Michael",Hong Kong,London,2025-02-22,07:39:59,13:08:09
FL4223,"Foley, Glover and Wells",New York,Sydney,2025-02-08,06:44:48,17:17:56
FL4050,Jenkins Ltd,London,New York,2025-02-03,02:15:32,01:18:12
FL2165,Ramirez Group,Berlin,New York,2025-02-02,04:24:03,22:48:28
FL1845,Jacobson Ltd,Hong Kong,New York,2025-01-31,02:49:57,12:19:26
FL6710,"Nielsen, Hamilton and Spencer",Mumbai,London,2025-02-11,23:45:14,18:44:59
FL9352,Anderson-Jones,Tokyo,Paris,2025-02-24,02:48:04,11:56:31
FL3254,"Murphy, Tucker and Frye",Dubai,Sydney,2025-02-18,10:55:07,11:33:46
FL5446,Sanchez-Davis,Berlin,New York,2025-01-31,21:58:02,23:51:32
FL7139,Villegas-Riley,Singapore,London,2025-02-12,04:18:15,16:47:36
FL7584,Berg LLC,Tokyo,Sydney,2025-01-31,07:40:10,08:27:23
FL3781,King-Newton,Tokyo,Paris,2025-01-28,15:53:15,21:35:19
FL2607,Brennan and Sons,New York,Mumbai,2025-02-03,00:38:51,19:05:32
FL3714,Gomez-Kelley,Singapore,Berlin,2025-01-30,02:56:43,02:38:12
FL1770,"Long, Craig and Cummings",New York,Hong Kong,2025-01-29,11:26:55,01:39:31
FL9261,"Santana, King and Mann",London,Mumbai,2025-01-31,16:53:35,19:12:06
FL4379,Wong Group,Berlin,Sydney,2025-02-23,21:22:06,04:31:30
FL4917,Hoffman PLC,Berlin,Tokyo,2025-02-17,08:57:14,11:54:11
FL8794,Guzman-Gutierrez,Sydney,Tokyo,2025-02-09,07:00:16,22:59:54
FL5324,Krueger-Walters,Paris,Tokyo,2025-02-18,06:33:11,16:26:24
FL2141,"Thompson, Christensen and Briggs",Paris,Dubai,2025-02-08,23:25:58,12:48:10
FL7425,Marshall-Singh,London,Dubai,2025-02-06,09:06:20,00:46:15
FL5276,Mills LLC,Paris,Sydney,2025-01-27,23:10:15,16:00:23
FL1412,"Mitchell, Garcia and Campbell",New York,Mumbai,2025-02-23,21:17:42,00:46:59
FL7823,"Walker, Johnson and Walls",New York,Dubai,2025-02-10,02:24:53,06:03:14
FL8420,Calhoun-Davis,London,New York,2025-02-01,09:35:44,08:50:34
FL8557,"Miller, Fischer and Armstrong",Tokyo,Singapore,2025-02-14,21:05:33,22:04:20
FL2329,Jensen PLC,Sydney,Tokyo,2025-02-01,22:49:11,07:35:36
FL8231,Hodges-Brewer,New York,Sydney,2025-02-10,01:49:49,16:00:42
FL1193,"Watson, Pittman and Jones",Sydney,Paris,2025-02-16,07:33:19,11:55:03
FL8720,"Smith, Norris and Wallace",Sydney,Hong Kong,2025-02-24,23:02:31,06:23:34
FL8438,Fletcher-Wilson,London,Singapore,2025-02-14,08:59:48,10:41:15
FL6517,Briggs-Rivera,Sydney,Tokyo,2025-01-30,05:49:55,18:10:59
FL2263,"Zamora, Pittman and Mcbride",Berlin,Singapore,2025-02-09,10:53:54,08:09:15
FL5977,Weber-Andrews,Berlin,Paris,2025-01-28,08:29:48,17:19:42
FL2560,"Manning, Williams and Bailey",Paris,Dubai,2025-01-30,18:53:47,18:11:55
FL4449,"Price, Walker and Elliott",Berlin,Hong Kong,2025-02-01,08:29:43,19:49:36
FL8455,Bush-Henson,Dubai,Singapore,2025-02-22,22:56:37,21:45:24
FL4102,Lewis-Anderson,Hong Kong,Mumbai,2025-02-17,23:51:16,01:43:38
FL2228,Taylor Ltd,Tokyo,New York,2025-02-02,13:32:28,16:09:05
FL5171,"Jackson, Henderson and Robertson",Mumbai,Berlin,2025-02-13,05:33:32,20:04:55
FL5319,Walton-West,Mumbai,Singapore,2025-02-12,11:16:36,21:38:41
FL3928,Hernandez-Cruz,Sydney,Mumbai,2025-02-02,16:08:38,07:57:14
FL6250,"Powell, Stone and Lewis",Singapore,London,2025-02-10,23:10:46,20:40:58
FL2057,Wang PLC,Singapore,Sydney,2025-02-13,20:18:15,21:16:53
FL3899,Wilson Ltd,Berlin,Dubai,2025-02-08,04:23:25,17:35:25
FL6896,Bryant-Cardenas,London,Paris,2025-02-01,17:57:45,09:47:41
FL3382,Henderson-Ramirez,Sydney,Hong Kong,2025-02-17,14:59:58,11:27:57
FL1375,"Mata, Mcbride and Washington",London,Tokyo,2025-02-07,01:26:57,03:44:46
FL4015,Salinas PLC,Sydney,Hong Kong,2025-01-29,22:20:15,13:27:48
FL2148,Garcia-Rodriguez,New York,London,2025-02-14,02:31:21,11:34:15
FL1140,Dunn Inc,Berlin,Tokyo,2025-02-17,07:40:41,22:57:39
FL4116,"Anderson, Mcgee and Hudson",Singapore,Dubai,2025-01-28,22:09:05,21:15:59
FL1280,"Barnett, Sosa and Garcia",Hong Kong,Mumbai,2025-02-18,22:52:39,03:03:05
FL7479,"Smith, Owen and Smith",Sydney,Tokyo,2025-02-19,02:31:44,05:21:20
FL8693,Yates Group,Berlin,Sydney,2025-02-19,03:16:59,22:52:41
FL5033,Adkins-Wilson,Paris,Mumbai,2025-01-31,08:45:20,01:49:07
FL5454,Cortez LLC,Sydney,Hong Kong,2025-01-27,15:39:47,20:52:14
FL4597,Ramirez-Martin,Tokyo,Dubai,2025-02-21,05:19:42,17:43:14
FL5255,Christensen and Sons,Berlin,Hong Kong,2025-02-17,00:13:20,05:28:41
FL8851,Edwards and Sons,Dubai,Sydney,2025-02-22,16:38:56,10:06:37
FL3441,Martin LLC,Dubai,Mumbai,2025-02-12,22:04:32,00:58:50
FL7834,Wilson-Esparza,New York,Berlin,2025-02-13,15:59:27,04:24:48
FL1962,"Lee, Smith and Ellis",London,Paris,2025-01-31,14:58:56,05:34:30
FL4356,Gregory LLC,Berlin,Hong Kong,2025-02-01,05:27:43,08:20:01
FL9722,"Odonnell, Palmer and Nash",Tokyo,Berlin,2025-02-15,04:44:42,00:15:05
FL3147,"Logan, Potts and Hess",New York,Dubai,2025-02-02,14:09:26,12:08:04
FL3247,Gray-Rodriguez,London,Tokyo,2025-02-11,06:59:50,03:15:33
FL4429,Lynch Inc,Sydney,Berlin,2025-02-02,00:55:14,21:55:08
FL3432,Riley-Smith,Dubai,Singapore,2025-01-27,13:22:42,17:04:15
FL9440,Robinson-Moore,London,Sydney,2025-02-02,22:28:39,15:56:23
FL9631,"Norton, Mccormick and Cook",Tokyo,Berlin,2025-01-29,03:19:18,05:32:12
FL4653,Rocha Inc,Sydney,London,2025-02-23,06:50:02,01:04:03
FL5424,Griffin and Sons,Sydney,Singapore,2025-02-10,05:45:35,16:43:19
FL9907,Gutierrez-Gill,Paris,New York,2025-02-12,00:04:15,20:04:03
FL2356,Gomez-Mendoza,London,Berlin,2025-02-19,17:50:12,03:11:53
FL4365,Turner and Sons,London,Singapore,2025-02-22,16:27:03,23:12:25
FL3983,"Fletcher, Bradshaw and Boyer",Sydney,Paris,2025-02-02,21:10:48,03:20:38
FL9591,Johnson-Bauer,Paris,Singapore,2025-02-15,14:54:47,14:47:22
FL9535,Stevens-Wallace,Hong Kong,Singapore,2025-02-17,15:19:16,08:31:24
FL5769,Horton-Black,Tokyo,London,2025-02-17,22:17:19,06:08:40
FL9314,Jenkins-Ochoa,London,Sydney,2025-02-04,14:42:43,06:14:23
FL3645,Smith-Wheeler,Singapore,New York,2025-02-02,03:53:20,07:52:45
FL6632,"Nicholson, Mclean and Roberts",London,New York,2025-02-05,16:36:49,02:59:28
FL6636,Williams-Brown,Berlin,Sydney,2025-02-04,02:25:25,02:50:57
FL9942,Johnson-Adams,Sydney,Hong Kong,2025-02-19,17:22:03,11:47:54
FL3831,"Carter, Contreras and Howard",New York,Tokyo,2025-02-01,11:41:13,12:53:35
FL2366,Mccann LLC,Sydney,Dubai,2025-02-16,20:11:36,13:08:19
FL6791,Powell-Giles,New York,Dubai,2025-01-27,15:29:25,20:17:27
FL4608,"Graham, White and Shelton",New York,London,2025-02-20,17:28:52,01:30:26
FL8319,Clark PLC,New York,Dubai,2025-02-22,16:31:19,22:58:05
FL3198,"Hernandez, Perez and Graham",Mumbai,New York,2025-02-20,14:59:02,00:13:54
FL8591,Medina-Taylor,Paris,New York,2025-02-05,13:22:13,06:18:18
FL2495,Mcdonald-Burns,Singapore,Tokyo,2025-02-16,19:29:58,18:12:53
FL3680,"Sutton, Sanford and Briggs",London,Dubai,2025-02-11,22:07:10,08:56:58
FL9403,Stanley and Sons,Tokyo,New York,2025-02-11,19:59:13,01:15:01
FL5416,"Wood, Little and Schmidt",Tokyo,Hong Kong,2025-01-28,16:12:37,09:45:32
FL1682,Herman Group,Singapore,London,2025-01-31,07:18:14,11:56:11
FL8235,Davis-Costa,Singapore,London,2025-02-15,08:23:39,20:33:27
FL9604,Baker-Webster,Singapore,New York,2025-02-17,17:28:55,03:28:40
FL6105,Jackson-Kelly,Paris,London,2025-02-14,02:48:37,18:35:08
FL9660,Gray-Garcia,London,Sydney,2025-02-14,03:50:50,01:17:05
FL7372,Trevino PLC,Sydney,London,2025-02-05,13:30:39,01:38:47
FL6916,Whitaker PLC,Sydney,Singapore,2025-02-06,17:57:21,00:22:30
FL7678,Levy-Hall,Berlin,Dubai,2025-02-09,10:47:30,17:36:38
FL3558,Carson-Bruce,Hong Kong,Tokyo,2025-01-30,15:54:35,14:53:55
FL1965,"Jones, Salazar and Patel",New York,Mumbai,2025-02-11,14:56:32,03:43:27
FL9085,Webb PLC,Berlin,Mumbai,2025-02-23,13:53:47,06:39:57
FL6334,Mills-Martinez,Paris,Tokyo,2025-02-11,06:40:42,22:37:16
FL3957,Cook Group,Berlin,New York,2025-02-13,16:18:01,16:45:10
FL8104,"Macdonald, Lopez and Torres",Dubai,Hong Kong,2025-01-27,10:02:56,11:06:31
FL4299,"Flynn, Newton and Henderson",Paris,Tokyo,2025-02-02,01:03:00,05:13:58
FL2973,"Rice, Hoffman and Reyes",Tokyo,Dubai,2025-02-11,23:50:31,07:15:17
FL2700,"Riley, Bennett and Yu",Tokyo,Paris,2025-02-04,12:58:03,18:25:12
FL9847,"Rhodes, Dyer and Woods",Paris,Dubai,2025-02-14,03:52:23,14:31:01
FL9521,"Wong, Reyes and Wilson",Hong Kong,Singapore,2025-02-06,18:59:54,12:15:19
