Hotel_Name,City,Stars,Address
White-Martinez,Paris,3,"0879 Shaun Place Suite 796
Jessicaberg, NJ 45696"
"Morgan, Martinez and Benson",Paris,3,"Unit 2060 Box 4084
DPO AE 48182"
Bell and Sons,Paris,5,"4661 Loretta Route
Alexandertown, CT 76032"
Lowe-Bailey,Paris,1,"2473 Nicole Islands Apt. 769
Annport, NY 35188"
"Pearson, Ortiz and Smith",Paris,2,"1313 Peterson Lakes
Tonyfort, OK 79690"
Kennedy and Sons,Paris,4,"757 Mcmillan Spur
Lake Tanyatown, NM 58344"
"Navarro, Warner and Garcia",Paris,5,"Unit 7522 Box 3599
DPO AP 65474"
Myers Group,Paris,4,"2633 Thomas Underpass
Port Craig, AZ 97058"
Kidd Group,Paris,2,"8894 Meagan Fields Suite 082
West Troyberg, PA 57999"
Holt-Franco,Paris,4,"024 Clayton Corners
Jessicaburgh, MD 89969"
Jackson-Stokes,Paris,1,"653 Hawkins Vista
Port Debra, MS 53624"
Gonzales-Hanson,Paris,2,"USS Pitts
FPO AP 31302"
"Wright, Henson and Phillips",Paris,1,"8837 Bell Motorway Apt. 261
Thomasville, IL 81336"
Gilmore and Sons,Paris,2,"0599 Sarah Brook Apt. 498
Port Jacqueline, NC 51529"
Morales-Mack,Paris,4,"2742 Smith Junctions
East Devinport, WV 98582"
Merritt-Hinton,New York,1,"225 Rivas Trafficway
North Tamara, TX 52488"
Moody and Sons,New York,3,"PSC 1748, Box 7902
APO AP 92077"
Daniels LLC,New York,1,"375 Davis Harbors Apt. 728
East Emmatown, IA 62341"
Jones Ltd,New York,1,"6585 Suarez Fork
Port Hannahton, ND 64289"
Dennis-Ortiz,New York,4,"2284 Davis Mill Apt. 985
Wongshire, MT 40173"
Ford Group,New York,3,"2797 Kayla Extensions Suite 616
North Susan, NE 24717"
Montoya Inc,New York,3,"227 Pamela Plaza
Davistown, WI 04700"
"Berry, Davis and Soto",New York,2,"5358 Anderson Ports Suite 137
Amberstad, OR 07301"
Martin-Rocha,New York,1,"35781 Carrillo Drives Suite 800
Lisatown, NE 39277"
Hawkins-Clark,New York,1,"3336 Mckinney Mews Suite 344
Garciaberg, WA 59277"
Park and Sons,New York,3,"214 Susan Walks
Patriciaborough, KY 19256"
"Duran, Calderon and Collins",New York,4,"847 Powers Orchard
Hendersonmouth, DE 14407"
"Mayer, Hendrix and Kramer",New York,5,"61673 Reynolds Inlet
Youngside, AZ 37946"
Smith-Mitchell,New York,5,"703 Jones Mill Apt. 263
Jenniferfort, AL 19521"
"Hurst, Miller and Warner",New York,4,"USS Bryant
FPO AP 57585"
"Good, Smith and Brown",Tokyo,1,"2067 Deanna Parks
New William, WY 43973"
York-Bryant,Tokyo,1,"8978 Mann Stream
Lake Lisa, IN 20631"
Jones PLC,Tokyo,1,"14688 Frederick Island Apt. 142
Michaelshire, MA 40721"
Wright Inc,Tokyo,4,"383 Gary Drive
Lake Michaelmouth, MI 10963"
Beltran Group,Tokyo,4,"1232 Brown Gardens Apt. 732
Joyborough, IL 47013"
Vazquez Inc,Tokyo,3,"791 Lee Harbors
Tammyton, MD 70854"
"Edwards, Moore and Marquez",Tokyo,4,"309 Horn Road
Traciton, MN 23599"
Olson-Hernandez,Tokyo,5,"390 Gerald Valley Apt. 747
Jessefort, MI 22686"
"Nguyen, White and Wilson",Tokyo,5,"251 Wall Estates Suite 312
North Debra, NH 69051"
"Kennedy, Wright and Stewart",Tokyo,1,"93425 Samantha View Suite 705
West Kelly, NH 89984"
"Guzman, Murray and Franklin",Tokyo,5,"109 Lee Way Apt. 060
South Andrea, ME 48879"
"Reyes, Gonzalez and Brock",Tokyo,2,"373 Hall Neck Suite 639
Reginaldstad, MO 49155"
Ward LLC,Tokyo,5,"4704 Laura Fork Suite 772
Rogersstad, WA 41325"
Burnett LLC,Tokyo,4,"858 Edwards Highway
New Theresaland, LA 77483"
Stein PLC,Tokyo,1,"3185 Taylor Walks
New Anna, GA 09213"
Brewer-Stevens,London,2,"USS Anderson
FPO AA 32316"
Frey-Banks,London,3,"991 Sanchez Island
East Summerburgh, LA 02032"
"Anderson, Anderson and Smith",London,5,"29859 Calhoun Brook
Annetteton, OR 37067"
Little PLC,London,3,"272 Shane Turnpike Apt. 396
South Bernardburgh, IL 34438"
Baldwin Ltd,London,2,"65222 Beck Extensions
Ericborough, ID 09425"
"Henry, George and Henry",London,4,"55043 John Estates
Taylorport, CO 65251"
Mills Group,London,2,"411 Orr Land
New Josephstad, RI 92700"
Shah Ltd,London,4,"Unit 0124 Box 6664
DPO AA 74096"
Campos and Sons,London,3,"3558 Peters Village Suite 892
Pricebury, CT 35161"
Keller-Hammond,London,4,"083 Vasquez Spring Suite 744
Hawkinsport, IN 08296"
Fisher PLC,London,5,"745 Carlos Bridge Suite 154
Christopherburgh, MS 85761"
"Flores, Jones and Cummings",London,4,"6169 Robinson Village
West Erin, NE 95594"
Duran-Peters,London,5,"592 Smith Lane Suite 874
New Andrew, OH 14394"
Randall LLC,London,2,"773 Adams Junction
Gomezland, AK 74009"
Young Ltd,London,4,"6570 Alexander Passage
Micheleport, OK 37428"
Reeves-Salazar,Berlin,1,"62674 Tami Park Apt. 755
Port Natashaland, AL 24905"
Silva Inc,Berlin,3,"179 Michael Groves
Phillipsview, CT 06736"
Luna Ltd,Berlin,2,"362 Cody Green
Mcguirestad, MT 36941"
Tanner LLC,Berlin,3,"3766 Wheeler Row Apt. 430
Davisberg, AL 06687"
Hobbs-Hickman,Berlin,2,"704 Romero Pines Apt. 766
Amyport, MD 49554"
Keith LLC,Berlin,2,"55934 Townsend Landing
Stephenhaven, IL 08215"
"Russell, Hill and Nguyen",Berlin,5,"752 Wayne Crossing Apt. 638
Gibsonmouth, SD 77307"
Johnson-York,Berlin,4,"USNS Mendoza
FPO AP 37509"
"Hill, Flores and Baker",Berlin,5,"7838 Jason Expressway
Ambermouth, DC 57403"
"West, Bennett and White",Berlin,5,"744 Curtis Plains
Shawnhaven, UT 20908"
Brown-Bright,Berlin,5,"383 Sara Inlet Apt. 554
Lake Garretttown, ME 63646"
"Yates, Henry and Davila",Berlin,1,"12575 Courtney Inlet Suite 678
Lake Patricia, IL 87122"
Andersen Group,Berlin,5,"Unit 9330 Box 7551
DPO AP 61286"
"Rivera, Rodriguez and Gonzales",Berlin,1,"Unit 3249 Box 3747
DPO AA 89041"
"Mcneil, Martin and Flores",Berlin,4,"PSC 9542, Box 1766
APO AE 51663"
"Jones, Gilbert and Horne",Dubai,5,"USNV Hendricks
FPO AE 26232"
Thomas-Collins,Dubai,2,"268 Rodriguez Mews
West John, NH 76320"
Avila-Knapp,Dubai,4,"2858 Ronald Spur
Phillipshire, WV 17902"
Sharp-Ford,Dubai,5,"53587 Walker Lakes Apt. 034
Moniqueview, KS 24491"
May Ltd,Dubai,4,"59803 Gardner Dam
Williammouth, TX 50854"
Mckay-Smith,Dubai,4,"3714 Alexander Cove Apt. 050
Nicholastown, IL 52212"
Martin Group,Dubai,5,"4749 Ashley Shoal
Lake Patrickmouth, HI 86600"
"Hill, Walker and Thompson",Dubai,2,"94876 Phillip Manors
Michaelland, KS 30922"
Bennett-Jones,Dubai,3,"1850 Todd Manor
Lauraside, RI 73940"
Perez-Schneider,Dubai,2,"09112 Kristen Courts
Cherylborough, WV 67770"
Newman-Clayton,Dubai,3,"74154 Alan Villages Suite 953
Floresberg, MN 55904"
"Richardson, Castro and Sutton",Dubai,1,"1145 Austin Way
Port Jodichester, PA 82173"
Hood LLC,Dubai,2,"2336 Robert Mountains
Sherryville, IN 58654"
Powers LLC,Dubai,3,"51157 Greene Loop Apt. 696
New Phillipfort, DE 05373"
Bradshaw-Bryant,Dubai,3,"3939 Ross Union Suite 740
Bennettton, KY 89240"
Nelson Group,Singapore,2,"063 Jones Spring Apt. 187
Stephanieton, KY 60891"
Ross Group,Singapore,3,"9912 Huff Forks Suite 878
Jenniferhaven, DC 11762"
"Taylor, Roman and Brennan",Singapore,3,"44668 Hernandez Burgs
Erinstad, CO 40654"
"Roberts, Hill and Duncan",Singapore,1,"718 Riley Avenue
Jamesborough, GA 41109"
Fernandez and Sons,Singapore,5,"4879 Christine Plains Suite 366
Frankfort, MD 28400"
Ramirez-Trujillo,Singapore,2,"228 Brandon Summit Apt. 188
Hallmouth, PA 60563"
Price-Reynolds,Singapore,1,"2608 Miguel Grove
Albertbury, WY 68396"
"Pham, Watkins and Leonard",Singapore,3,"79484 Patterson Fall
West Rickyview, WY 07620"
Valenzuela-Mills,Singapore,2,"63048 Brown Common Suite 323
Williamsmouth, MT 31409"
Burns-Anderson,Singapore,4,"9324 Margaret Prairie
Lake Michelleview, GA 80352"
Johnson-Freeman,Singapore,1,"537 Lori Harbor Suite 449
North Karen, IA 78672"
Zhang-Williams,Singapore,4,"708 Ryan Passage
New Tracyburgh, AZ 62841"
"Castillo, Walters and Thomas",Singapore,2,"7751 Michelle Shores Apt. 707
Port Anaburgh, NJ 31281"
"Wilcox, Jacobs and Gregory",Singapore,2,"6610 Thomas Burgs Suite 081
North Victoria, SC 62704"
Shah-Gutierrez,Singapore,5,"215 Maria Station
Adammouth, NJ 70145"
Huerta LLC,Sydney,3,"33736 Harper Mission
East Richard, VA 22092"
Medina-Watson,Sydney,1,"2962 Walker Spring
West Heatherfort, ME 80338"
"Roach, Campbell and Cisneros",Sydney,3,"6340 Robert Rapids
West Andreatown, WV 96508"
Flores-White,Sydney,2,"74836 Smith Cove Suite 765
West Christopher, WA 98252"
"Wolfe, Osborne and Moyer",Sydney,2,"3725 Christina Radial Apt. 229
South Brian, CT 25480"
"Burke, Coleman and Vega",Sydney,2,"3233 Christopher Burgs Apt. 555
New Patrickton, TX 36841"
Turner-Medina,Sydney,3,"626 Jean Lights
North Melissa, DE 82437"
Hardy-Phelps,Sydney,2,"5866 Chandler Row
Rileyberg, CA 10542"
"Torres, Golden and Young",Sydney,1,"252 Nelson Extensions Apt. 205
North Erin, TX 27180"
Rodriguez Inc,Sydney,3,"65603 Foster Fort
South Bradside, MN 23372"
"Phillips, Brown and Mcgee",Sydney,5,"0295 Martin Row
Kinghaven, IA 33084"
Roberts LLC,Sydney,2,"Unit 7343 Box 3446
DPO AE 95797"
White-Sparks,Sydney,2,"118 Cochran Lock
Port Yvette, DE 58920"
Robinson Group,Sydney,5,"479 Lucero Prairie
Susanfurt, FL 04089"
Myers Inc,Sydney,2,"82949 Joseph Parkways
Williamsstad, CO 61501"
Bridges-Thompson,Mumbai,2,"643 Steven Course Suite 575
Robertport, MA 05131"
Collins-Patel,Mumbai,2,"251 Payne Courts
Bethton, RI 03990"
Hartman Inc,Mumbai,1,"13476 Cook Rapids Suite 092
South Patrick, NC 30311"
Skinner-Cruz,Mumbai,2,"Unit 4732 Box 1252
DPO AA 23585"
Dean-Haney,Mumbai,5,"8218 Hurst Mountain Suite 096
Sarahport, ME 82260"
Fuller-Thompson,Mumbai,2,"397 Newton Village
Hinesmouth, AL 77244"
Snow Inc,Mumbai,5,"33651 Kevin Ports Apt. 171
Rebeccafort, OH 87467"
"Reed, Munoz and Anderson",Mumbai,1,"1656 Joseph Locks
East James, HI 37360"
Bradshaw Group,Mumbai,5,"1748 Jonathan Flats
North Keith, IA 65441"
David Group,Mumbai,5,"27300 Pham Camp
Lake James, HI 63125"
Hartman-Medina,Mumbai,4,"1792 Michele Bridge
Oconnorport, ND 65168"
White-Barton,Mumbai,4,"03234 Jenkins Lakes Suite 406
Anthonyborough, TX 56355"
Baker Ltd,Mumbai,3,"11146 Long Spur
Hansenchester, ND 67033"
Johnson Group,Mumbai,4,"68783 Franco Bypass Suite 794
Liuberg, NH 98639"
Christensen LLC,Mumbai,3,"Unit 4889 Box 3428
DPO AP 80581"
Shaw Group,Hong Kong,2,"024 Taylor Shore Suite 436
Hernandezton, DE 17105"
"Miller, Davis and Hendricks",Hong Kong,5,"627 Walsh Inlet Apt. 590
Savagechester, PA 20341"
Martinez-Pham,Hong Kong,3,"Unit 3624 Box 1573
DPO AE 68996"
"Lester, Yates and Berry",Hong Kong,4,"8802 Ryan Ferry Suite 349
Lake Benjamin, GA 38981"
"Hardy, Carney and Hill",Hong Kong,1,"21577 Lacey Throughway
Jennifermouth, MN 12858"
"Johnston, Perez and Haley",Hong Kong,2,"33974 Collins Skyway Apt. 556
Dianaview, MN 60017"
"Lee, Wells and Parker",Hong Kong,5,"USNV Martin
FPO AA 71235"
"Adkins, Wood and Walker",Hong Kong,5,"5509 Smith Points
Thomasview, IL 77566"
Johnson PLC,Hong Kong,4,"36507 Susan Parks Apt. 275
Allenmouth, TN 05964"
Vasquez Group,Hong Kong,3,"218 Justin Brooks
New Michelle, WY 19888"
Griffin Inc,Hong Kong,3,"8741 April Station
South Mark, CO 69059"
"Martinez, Acevedo and Davis",Hong Kong,4,"599 Hunt Inlet
Wilsonview, KS 65226"
"Jones, Carlson and Lewis",Hong Kong,5,"452 Jacobs Branch
Amandaville, WA 69160"
Burgess-Byrd,Hong Kong,1,"923 Singleton Estate Suite 129
Brittneyville, GA 69886"
"Miller, Robinson and Rose",Hong Kong,2,"546 Jessica Lodge Apt. 770
East Melissa, HI 77711"
